-- phpMyAdmin SQL Dump
-- version 5.2.1
-- https://www.phpmyadmin.net/
--
-- Хост: 127.0.0.1
-- Время создания: Май 13 2026 г., 15:48
-- Версия сервера: 10.4.32-MariaDB
-- Версия PHP: 8.0.30

SET SQL_MODE = "NO_AUTO_VALUE_ON_ZERO";
START TRANSACTION;
SET time_zone = "+00:00";


/*!40101 SET @OLD_CHARACTER_SET_CLIENT=@@CHARACTER_SET_CLIENT */;
/*!40101 SET @OLD_CHARACTER_SET_RESULTS=@@CHARACTER_SET_RESULTS */;
/*!40101 SET @OLD_COLLATION_CONNECTION=@@COLLATION_CONNECTION */;
/*!40101 SET NAMES utf8mb4 */;

--
-- База данных: `design_studio`
--

-- --------------------------------------------------------

--
-- Структура таблицы `материалы`
--

CREATE TABLE `материалы` (
  `ID_Материала` int(11) NOT NULL,
  `ID_Проекта` int(11) NOT NULL,
  `Название` varchar(100) DEFAULT NULL,
  `Количество` decimal(10,2) DEFAULT NULL,
  `Единица_измерения` varchar(20) DEFAULT NULL
) ENGINE=InnoDB DEFAULT CHARSET=utf8mb4 COLLATE=utf8mb4_general_ci;

--
-- Дамп данных таблицы `материалы`
--

INSERT INTO `материалы` (`ID_Материала`, `ID_Проекта`, `Название`, `Количество`, `Единица_измерения`) VALUES
(1, 2, 'Обои', 5.00, 'рулоны'),
(2, 2, 'Краска', 10.00, 'литры'),
(3, 3, 'Хостинг и домен', 1.00, 'год'),
(4, 3, 'Шаблоны дизайна', 5.00, 'комплектов'),
(5, 4, '3D-модели мебели', 15.00, 'шт'),
(6, 4, 'Текстуры материалов', 20.00, 'наборов'),
(7, 5, 'UI-кит', 1.00, 'комплект'),
(8, 5, 'Шрифты лицензионные', 3.00, 'семейства'),
(9, 6, 'Шаблон презентации', 1.00, 'шт'),
(10, 7, 'Брендбук', 50.00, 'страниц'),
(11, 7, 'Паттерны', 10.00, 'вариантов'),
(12, 8, 'Эскизы логотипа', 15.00, 'вариантов'),
(13, 9, 'Макет упаковки', 3.00, 'варианта'),
(14, 9, 'Пленка для печати', 50.00, 'м²'),
(15, 10, 'Дизайн-макеты', 8.00, 'шт'),
(16, 11, 'Сценарий чат-бота', 1.00, 'документ'),
(17, 12, 'Раскадровка', 20.00, 'кадров'),
(18, 13, 'Мокапы', 10.00, 'шт'),
(19, 14, 'Архитектурные планы', 5.00, 'листов'),
(20, 15, 'Фирменные цвета', 5.00, 'палитр');

-- --------------------------------------------------------

--
-- Структура таблицы `дизайнеры`
--

CREATE TABLE `дизайнеры` (
  `ID_Дизайнера` int(11) NOT NULL,
  `ФИО` varchar(100) NOT NULL,
  `Специализация` varchar(50) DEFAULT NULL,
  `Стаж` int(11) DEFAULT NULL,
  `Телефон` varchar(20) DEFAULT NULL,
  `Email` varchar(100) DEFAULT NULL,
  `Зарплата` decimal(10,2) DEFAULT NULL
) ENGINE=InnoDB DEFAULT CHARSET=utf8mb4 COLLATE=utf8mb4_general_ci;

--
-- Дамп данных таблицы `дизайнеры`
--

INSERT INTO `дизайнеры` (`ID_Дизайнера`, `ФИО`, `Специализация`, `Стаж`, `Телефон`, `Email`, `Зарплата`) VALUES
(1, 'Сидоров Алексей', 'Веб-дизайн', 5, '+7(999)345-67-89', 'alex@studio.com', 70000.00),
(2, 'Козлова Мария', 'Интерьер', 8, '+7(999)456-78-90', 'maria@studio.com', 90000.00),
(3, 'Белов Константин Денисович', 'Графический дизайн', 6, '+7(916)123-45-67', 'konstantin@studio.com', 65000.00),
(4, 'Тихонова Елена Александровна', 'UI/UX дизайн', 4, '+7(921)234-56-78', 'elena@studio.com', 75000.00),
(5, 'Соловьев Павел Андреевич', 'Веб-дизайн', 7, '+7(903)345-67-89', 'pavel@studio.com', 80000.00),
(6, 'Воробьева Наталья Сергеевна', 'Моушн-дизайн', 3, '+7(964)456-78-90', 'natalia@studio.com', 60000.00),
(7, 'Фролов Денис Игоревич', '3D-дизайн', 5, '+7(909)567-89-01', 'denis@studio.com', 85000.00),
(8, 'Григорьева Анна Павловна', 'Иллюстратор', 8, '+7(952)678-90-12', 'anna@studio.com', 70000.00),
(9, 'Никитин Сергей Дмитриевич', 'Арт-директор', 10, '+7(922)789-01-23', 'sergey@studio.com', 120000.00),
(10, 'Егорова Юлия Константиновна', 'Типографика', 4, '+7(931)890-12-34', 'yulia@studio.com', 58000.00),
(11, 'Крылов Владимир Александрович', 'Интерактивный дизайн', 6, '+7(941)901-23-45', 'vladimir@studio.com', 78000.00),
(12, 'Орлова Екатерина Михайловна', 'Бренд-дизайн', 7, '+7(951)012-34-56', 'ekaterina@studio.com', 88000.00);

-- --------------------------------------------------------

--
-- Структура таблицы `договоры`
--

CREATE TABLE `договоры` (
  `ID_Договора` int(11) NOT NULL,
  `ID_Проекта` int(11) NOT NULL,
  `Дата` date DEFAULT NULL,
  `Сумма` decimal(10,2) DEFAULT NULL,
  `Статус` varchar(20) DEFAULT 'активен'
) ENGINE=InnoDB DEFAULT CHARSET=utf8mb4 COLLATE=utf8mb4_general_ci;

--
-- Дамп данных таблицы `договоры`
--

INSERT INTO `договоры` (`ID_Договора`, `ID_Проекта`, `Дата`, `Сумма`, `Статус`) VALUES
(1, 1, '2025-01-05', 55000.00, 'закрыт'),
(2, 2, '2025-01-28', 85000.00, 'активен'),
(3, 3, '2025-02-10', 45000.00, 'активен'),
(4, 4, '2025-01-15', 65000.00, 'закрыт'),
(5, 5, '2025-02-25', 130000.00, 'активен'),
(6, 6, '2025-02-05', 12000.00, 'закрыт'),
(7, 7, '2024-12-28', 80000.00, 'закрыт'),
(8, 8, '2025-03-01', 25000.00, 'активен'),
(9, 9, '2025-02-15', 38000.00, 'активен'),
(10, 10, '2025-01-10', 16000.00, 'закрыт'),
(11, 11, '2025-03-05', 47000.00, 'активен'),
(12, 12, '2025-01-28', 95000.00, 'активен'),
(13, 13, '2025-03-12', 42000.00, 'активен'),
(14, 14, '2025-02-22', 13000.00, 'активен'),
(15, 15, '2025-01-05', 70000.00, 'закрыт'),
(16, 16, '2025-03-18', 60000.00, 'активен'),
(17, 17, '2025-02-28', 25000.00, 'активен');

-- --------------------------------------------------------

--
-- Структура таблицы `клиенты`
--

CREATE TABLE `клиенты` (
  `ID_Клиента` int(11) NOT NULL,
  `ФИО` varchar(100) NOT NULL,
  `Телефон` varchar(20) DEFAULT NULL,
  `Email` varchar(100) DEFAULT NULL,
  `Адрес` text DEFAULT NULL,
  `Компания` varchar(100) DEFAULT NULL
) ENGINE=InnoDB DEFAULT CHARSET=utf8mb4 COLLATE=utf8mb4_general_ci;

--
-- Дамп данных таблицы `клиенты`
--

INSERT INTO `клиенты` (`ID_Клиента`, `ФИО`, `Телефон`, `Email`, `Адрес`, `Компания`) VALUES
(1, 'Иванов Иван Иванович', '+7(999)123-45-67', 'ivan@example.com', 'Москва, ул.Ленина 1', 'ООО \"Ромашка\"'),
(2, 'Петрова Анна Сергеевна', '+7(999)234-56-78', 'anna@example.com', 'СПб, Невский пр. 10', NULL),
(3, 'Михайлов Дмитрий Алексеевич', '+7(916)123-45-67', 'dmitry@mail.ru', 'Москва, ул. Тверская 15', 'ООО \"ТехноСервис\"'),
(4, 'Соколова Екатерина Владимировна', '+7(921)234-56-78', 'ekaterina@yandex.ru', 'СПб, Лиговский пр. 87', NULL),
(5, 'Кузнецов Артем Павлович', '+7(903)345-67-89', 'artem@gmail.com', 'Казань, ул. Баумана 30', 'ИП Кузнецов'),
(6, 'Морозова Ольга Сергеевна', '+7(964)456-78-90', 'olga@bk.ru', 'Новосибирск, Красный пр. 12', 'ООО \"СибирьДизайн\"'),
(7, 'Волков Андрей Николаевич', '+7(909)567-89-01', 'andrey@list.ru', 'Екатеринбург, ул. Ленина 45', 'ЗАО \"УралСтрой\"'),
(8, 'Лебедева Мария Игоревна', '+7(952)678-90-12', 'maria@mail.com', 'Нижний Новгород, ул. Б.Покровская 5', NULL),
(9, 'Павлов Сергей Викторович', '+7(922)789-01-23', 'sergey@yandex.ru', 'Ростов-на-Дону, пр. Буденновский 20', 'ООО \"Юг-Инвест\"'),
(10, 'Новикова Анна Дмитриевна', '+7(931)890-12-34', 'anna@bk.ru', 'Самара, ул. Куйбышева 8', NULL),
(11, 'Степанов Илья Александрович', '+7(941)901-23-45', 'ilya@gmail.com', 'Омск, ул. Ленина 22', 'ООО \"ОмскДизайн\"'),
(12, 'Федорова Татьяна Юрьевна', '+7(951)012-34-56', 'tatiana@list.ru', 'Челябинск, ул. Кирова 10', 'ИП Федорова');

-- --------------------------------------------------------

--
-- Структура таблицы `платежи`
--

CREATE TABLE `платежи` (
  `ID_Платежа` int(11) NOT NULL,
  `ID_Договора` int(11) NOT NULL,
  `Дата` date DEFAULT NULL,
  `Сумма` decimal(10,2) DEFAULT NULL,
  `Способ_оплаты` varchar(30) DEFAULT NULL
) ENGINE=InnoDB DEFAULT CHARSET=utf8mb4 COLLATE=utf8mb4_general_ci;

--
-- Дамп данных таблицы `платежи`
--

INSERT INTO `платежи` (`ID_Платежа`, `ID_Договора`, `Дата`, `Сумма`, `Способ_оплаты`) VALUES
(1, 1, '2025-01-10', 30000.00, 'карта'),
(2, 1, '2025-02-01', 25000.00, 'наличные'),
(3, 2, '2025-02-05', 40000.00, 'карта'),
(4, 3, '2025-02-12', 20000.00, 'карта'),
(5, 3, '2025-03-01', 25000.00, 'наличные'),
(6, 4, '2025-01-16', 65000.00, 'безналичный'),
(7, 5, '2025-02-27', 50000.00, 'карта'),
(8, 5, '2025-03-15', 80000.00, 'безналичный'),
(9, 6, '2025-02-06', 12000.00, 'карта'),
(10, 7, '2024-12-30', 40000.00, 'наличные'),
(11, 7, '2025-01-20', 40000.00, 'карта'),
(12, 8, '2025-03-03', 10000.00, 'карта'),
(13, 8, '2025-03-20', 15000.00, 'карта'),
(14, 9, '2025-02-17', 19000.00, 'безналичный'),
(15, 9, '2025-03-05', 19000.00, 'безналичный'),
(16, 10, '2025-01-12', 16000.00, 'наличные'),
(17, 11, '2025-03-07', 20000.00, 'карта'),
(18, 11, '2025-03-20', 27000.00, 'карта'),
(19, 12, '2025-01-30', 50000.00, 'безналичный'),
(20, 12, '2025-02-15', 45000.00, 'карта'),
(21, 13, '2025-03-14', 20000.00, 'карта'),
(22, 13, '2025-03-22', 22000.00, 'карта'),
(23, 14, '2025-02-24', 7000.00, 'наличные'),
(24, 14, '2025-03-06', 6000.00, 'карта'),
(25, 15, '2025-01-07', 35000.00, 'безналичный'),
(26, 15, '2025-01-28', 35000.00, 'безналичный'),
(27, 16, '2025-03-19', 30000.00, 'карта'),
(28, 16, '2025-03-25', 30000.00, 'карта'),
(29, 17, '2025-03-02', 10000.00, 'наличные'),
(30, 17, '2025-03-15', 15000.00, 'карта');

-- --------------------------------------------------------

--
-- Структура таблицы `проекты`
--

CREATE TABLE `проекты` (
  `ID_Проекта` int(11) NOT NULL,
  `ID_Клиента` int(11) NOT NULL,
  `ID_Дизайнера` int(11) NOT NULL,
  `ID_Услуги` int(11) NOT NULL,
  `Название` varchar(100) DEFAULT NULL,
  `Дата_начала` date DEFAULT NULL,
  `Дата_окончания` date DEFAULT NULL,
  `Статус` varchar(20) DEFAULT 'в работе',
  `Стоимость` decimal(12,2) DEFAULT NULL
) ENGINE=InnoDB DEFAULT CHARSET=utf8mb4 COLLATE=utf8mb4_general_ci;

--
-- Дамп данных таблицы `проекты`
--

INSERT INTO `проекты` (`ID_Проекта`, `ID_Клиента`, `ID_Дизайнера`, `ID_Услуги`, `Название`, `Дата_начала`, `Дата_окончания`, `Статус`, `Стоимость`) VALUES
(1, 1, 1, 1, 'Сайт для ООО \"Ромашка\"', '2025-01-10', '2025-02-20', 'завершен', 55000.00),
(2, 2, 2, 2, 'Дизайн квартиры на Невском', '2025-02-01', NULL, 'в работе', 85000.00),
(3, 3, 3, 3, 'Редизайн сайта ТехноСервис', '2025-02-15', '2025-03-20', 'в работе', 45000.00),
(4, 4, 5, 6, '3D-визуализация офиса СибирьДизайн', '2025-01-20', '2025-02-10', 'завершен', 65000.00),
(5, 5, 2, 2, 'Мобильное приложение УралСтрой', '2025-03-01', NULL, 'в работе', 130000.00),
(6, 6, 4, 8, 'Презентация для стартапа', '2025-02-10', '2025-02-15', 'завершен', 12000.00),
(7, 7, 7, 10, 'Фирменный стиль Юг-Инвест', '2025-01-05', '2025-02-25', 'завершен', 80000.00),
(8, 8, 1, 1, 'Логотип для Новиковой', '2025-03-05', NULL, 'в работе', 25000.00),
(9, 9, 6, 7, 'Упаковка товара ОмскДизайн', '2025-02-20', '2025-03-15', 'в работе', 38000.00),
(10, 10, 8, 4, 'Полиграфия для ИП Федорова', '2025-01-15', '2025-01-25', 'завершен', 16000.00),
(11, 1, 9, 9, 'Чат-бот для ООО Ромашка', '2025-03-10', NULL, 'планируется', 47000.00),
(12, 2, 10, 5, 'Анимационный ролик для Петровой', '2025-02-01', '2025-03-10', 'в работе', 95000.00),
(13, 3, 1, 3, 'Дополнительный редизайн', '2025-03-15', NULL, 'планируется', 42000.00),
(14, 4, 4, 8, 'Презентация годового отчета', '2025-02-25', '2025-03-05', 'в работе', 13000.00),
(15, 5, 5, 6, 'Визуализация жилого комплекса', '2025-01-10', '2025-02-20', 'завершен', 70000.00),
(16, 6, 2, 2, 'Обновление мобильного приложения', '2025-03-20', NULL, 'планируется', 60000.00),
(17, 7, 7, 10, 'Дополнительные элементы бренда', '2025-03-01', '2025-03-25', 'в работе', 25000.00);

-- --------------------------------------------------------

--
-- Структура таблицы `услуги`
--

CREATE TABLE `услуги` (
  `ID_Услуги` int(11) NOT NULL,
  `Название` varchar(100) NOT NULL,
  `Описание` text DEFAULT NULL,
  `Базовая_стоимость` decimal(10,2) DEFAULT NULL,
  `Длительность` int(11) DEFAULT NULL
) ENGINE=InnoDB DEFAULT CHARSET=utf8mb4 COLLATE=utf8mb4_general_ci;

--
-- Дамп данных таблицы `услуги`
--

INSERT INTO `услуги` (`ID_Услуги`, `Название`, `Описание`, `Базовая_стоимость`, `Длительность`) VALUES
(1, 'Веб-дизайн', 'Сайт под ключ', 50000.00, 40),
(2, 'Интерьер', 'Дизайн квартиры', 80000.00, 60),
(3, 'Логотип и брендбук', 'Разработка логотипа и руководства по бренду', 25000.00, 20),
(4, 'Мобильное приложение', 'Дизайн интерфейса для iOS/Android', 120000.00, 80),
(5, 'Редизайн сайта', 'Обновление существующего сайта', 40000.00, 35),
(6, 'Полиграфический дизайн', 'Буклеты, визитки, листовки', 15000.00, 15),
(7, '3D-визуализация', '3D-модели интерьеров и экстерьеров', 60000.00, 45),
(8, 'Анимационный ролик', '2D/3D анимация до 60 секунд', 90000.00, 60),
(9, 'Упаковка товара', 'Дизайн упаковки для продукции', 35000.00, 25),
(10, 'Создание презентации', 'Корпоративная презентация', 12000.00, 10),
(11, 'Разработка чат-бота', 'Дизайн и сценарий чат-бота', 45000.00, 30),
(12, 'Фирменный стиль', 'Полный пакет айдентики', 75000.00, 50);

--
-- Индексы сохранённых таблиц
--

--
-- Индексы таблицы `материалы`
--
ALTER TABLE `материалы`
  ADD PRIMARY KEY (`ID_Материала`),
  ADD KEY `ID_Проекта` (`ID_Проекта`);

--
-- Индексы таблицы `дизайнеры`
--
ALTER TABLE `дизайнеры`
  ADD PRIMARY KEY (`ID_Дизайнера`);

--
-- Индексы таблицы `договоры`
--
ALTER TABLE `договоры`
  ADD PRIMARY KEY (`ID_Договора`),
  ADD KEY `ID_Проекта` (`ID_Проекта`);

--
-- Индексы таблицы `клиенты`
--
ALTER TABLE `клиенты`
  ADD PRIMARY KEY (`ID_Клиента`);

--
-- Индексы таблицы `платежи`
--
ALTER TABLE `платежи`
  ADD PRIMARY KEY (`ID_Платежа`),
  ADD KEY `ID_Договора` (`ID_Договора`);

--
-- Индексы таблицы `проекты`
--
ALTER TABLE `проекты`
  ADD PRIMARY KEY (`ID_Проекта`),
  ADD KEY `ID_Клиента` (`ID_Клиента`),
  ADD KEY `ID_Дизайнера` (`ID_Дизайнера`),
  ADD KEY `ID_Услуги` (`ID_Услуги`);

--
-- Индексы таблицы `услуги`
--
ALTER TABLE `услуги`
  ADD PRIMARY KEY (`ID_Услуги`);

--
-- AUTO_INCREMENT для сохранённых таблиц
--

--
-- AUTO_INCREMENT для таблицы `материалы`
--
ALTER TABLE `материалы`
  MODIFY `ID_Материала` int(11) NOT NULL AUTO_INCREMENT, AUTO_INCREMENT=21;

--
-- AUTO_INCREMENT для таблицы `дизайнеры`
--
ALTER TABLE `дизайнеры`
  MODIFY `ID_Дизайнера` int(11) NOT NULL AUTO_INCREMENT, AUTO_INCREMENT=13;

--
-- AUTO_INCREMENT для таблицы `договоры`
--
ALTER TABLE `договоры`
  MODIFY `ID_Договора` int(11) NOT NULL AUTO_INCREMENT, AUTO_INCREMENT=18;

--
-- AUTO_INCREMENT для таблицы `клиенты`
--
ALTER TABLE `клиенты`
  MODIFY `ID_Клиента` int(11) NOT NULL AUTO_INCREMENT, AUTO_INCREMENT=13;

--
-- AUTO_INCREMENT для таблицы `платежи`
--
ALTER TABLE `платежи`
  MODIFY `ID_Платежа` int(11) NOT NULL AUTO_INCREMENT, AUTO_INCREMENT=31;

--
-- AUTO_INCREMENT для таблицы `проекты`
--
ALTER TABLE `проекты`
  MODIFY `ID_Проекта` int(11) NOT NULL AUTO_INCREMENT, AUTO_INCREMENT=18;

--
-- AUTO_INCREMENT для таблицы `услуги`
--
ALTER TABLE `услуги`
  MODIFY `ID_Услуги` int(11) NOT NULL AUTO_INCREMENT, AUTO_INCREMENT=13;

--
-- Ограничения внешнего ключа сохраненных таблиц
--

--
-- Ограничения внешнего ключа таблицы `материалы`
--
ALTER TABLE `материалы`
  ADD CONSTRAINT `материалы_ibfk_1` FOREIGN KEY (`ID_Проекта`) REFERENCES `проекты` (`ID_Проекта`) ON DELETE CASCADE;

--
-- Ограничения внешнего ключа таблицы `договоры`
--
ALTER TABLE `договоры`
  ADD CONSTRAINT `договоры_ibfk_1` FOREIGN KEY (`ID_Проекта`) REFERENCES `проекты` (`ID_Проекта`) ON DELETE CASCADE;

--
-- Ограничения внешнего ключа таблицы `платежи`
--
ALTER TABLE `платежи`
  ADD CONSTRAINT `платежи_ibfk_1` FOREIGN KEY (`ID_Договора`) REFERENCES `договоры` (`ID_Договора`) ON DELETE CASCADE;

--
-- Ограничения внешнего ключа таблицы `проекты`
--
ALTER TABLE `проекты`
  ADD CONSTRAINT `проекты_ibfk_1` FOREIGN KEY (`ID_Клиента`) REFERENCES `клиенты` (`ID_Клиента`) ON DELETE CASCADE,
  ADD CONSTRAINT `проекты_ibfk_2` FOREIGN KEY (`ID_Дизайнера`) REFERENCES `дизайнеры` (`ID_Дизайнера`) ON DELETE CASCADE,
  ADD CONSTRAINT `проекты_ibfk_3` FOREIGN KEY (`ID_Услуги`) REFERENCES `услуги` (`ID_Услуги`) ON DELETE CASCADE;
COMMIT;

/*!40101 SET CHARACTER_SET_CLIENT=@OLD_CHARACTER_SET_CLIENT */;
/*!40101 SET CHARACTER_SET_RESULTS=@OLD_CHARACTER_SET_RESULTS */;
/*!40101 SET COLLATION_CONNECTION=@OLD_COLLATION_CONNECTION */;
